{
  "convergence": {
    "sessions": [
      1,
      2,
      3,
      4,
      5,
      6,
      7,
      8,
      9,
      10,
      11,
      12,
      13,
      14,
      15,
      16,
      17,
      18,
      19,
      20,
      21,
      22,
      23,
      24,
      25,
      26,
      27,
      28,
      29,
      30
    ],
    "correlation_accuracy": [
      22,
      50,
      34,
      50,
      25,
      27,
      24,
      23,
      55,
      28,
      26,
      43,
      30,
      52,
      28,
      34,
      33,
      29,
      23,
      25,
      32,
      21,
      38,
      24,
      30,
      26,
      32,
      41,
      39,
      19
    ],
    "reflex_quality_mse": [
      0.5,
      93.75999999999999,
      0.5,
      93.545,
      0.5,
      0.5,
      0.5,
      0.5,
      91.09,
      0.5,
      0.5,
      94.89999999999999,
      0.5,
      90.86500000000001,
      0.5,
      0.5,
      0.5,
      0.5,
      0.5,
      0.5,
      0.5,
      0.5,
      0.5,
      0.5,
      0.5,
      0.5,
      0.5,
      91.985,
      0.5,
      0.5
    ],
    "pattern_count": [
      0,
      1,
      1,
      2,
      2,
      2,
      2,
      2,
      3,
      3,
      3,
      4,
      4,
      5,
      5,
      5,
      5,
      5,
      5,
      5,
      5,
      5,
      5,
      5,
      5,
      5,
      5,
      6,
      6,
      6
    ],
    "cluster_quality": [
      0.202,
      0.258,
      0.243,
      0.208,
      0.265,
      0.217,
      0.197,
      0.188,
      0.168,
      0.178,
      0.18,
      0.177,
      0.198,
      0.205,
      0.222,
      0.296,
      0.194,
      0.171,
      0.153,
      0.165,
      0.297,
      0.175,
      0.309,
      0.2,
      0.283,
      0.188,
      0.207,
      0.21,
      0.288,
      0.202
    ],
    "reward_correlation": [
      0.964,
      0.99,
      0.977,
      0.999,
      0.97,
      0.965,
      0.988,
      0.999,
      0.996,
      0.999,
      0.984,
      0.997,
      0.966,
      0.999,
      0.999,
      0.999,
      0.999,
      0.997,
      0.994,
      0.941,
      0.998,
      0.999,
      0.998,
      0.984,
      0.999,
      0.999,
      0.977,
      1.0,
      0.999,
      0.985
    ]
  },
  "ab_test": {
    "power": 1.0,
    "false_positive_rate": 0.042,
    "mean_bayes_factor": 1.2062456378232997e+23,
    "mean_posterior_mean": 0.0699,
    "power_curve": [
      {
        "n": 50,
        "power": 0.615
      },
      {
        "n": 100,
        "power": 0.89
      },
      {
        "n": 200,
        "power": 1.0
      },
      {
        "n": 300,
        "power": 1.0
      },
      {
        "n": 500,
        "power": 1.0
      },
      {
        "n": 750,
        "power": 1.0
      },
      {
        "n": 1000,
        "power": 1.0
      }
    ]
  },
  "summary": {
    "total_correlations": 963,
    "total_change_points": 0,
    "total_rules": 6,
    "avg_silhouette": 0.215,
    "avg_reward_corr": 0.989,
    "avg_final_mse": 18.797,
    "ab_power": 1.0
  },
  "top_correlations": [
    {
      "var_a": "gps_heading_deg",
      "var_b": "wave_height_m",
      "lag_s": -0.05,
      "correlation": 0.97
    },
    {
      "var_a": "gps_speed_m_s",
      "var_b": "throttle_pct",
      "lag_s": 0.0,
      "correlation": 0.951
    },
    {
      "var_a": "engine_rpm",
      "var_b": "throttle_pct",
      "lag_s": 0.0,
      "correlation": 0.83
    },
    {
      "var_a": "gps_speed_m_s",
      "var_b": "engine_rpm",
      "lag_s": 0.0,
      "correlation": 0.822
    },
    {
      "var_a": "wind_speed_m_s",
      "var_b": "wave_height_m",
      "lag_s": 0.5,
      "correlation": 0.793
    },
    {
      "var_a": "gps_heading_deg",
      "var_b": "wind_speed_m_s",
      "lag_s": -0.5,
      "correlation": 0.747
    },
    {
      "var_a": "wind_speed_m_s",
      "var_b": "rudder_angle_deg",
      "lag_s": -0.5,
      "correlation": -0.727
    },
    {
      "var_a": "imu_roll_deg",
      "var_b": "rudder_angle_deg",
      "lag_s": 0.5,
      "correlation": 0.675
    },
    {
      "var_a": "imu_pitch_deg",
      "var_b": "wind_speed_m_s",
      "lag_s": 0.0,
      "correlation": -0.625
    },
    {
      "var_a": "imu_roll_deg",
      "var_b": "wind_direction_deg",
      "lag_s": 0.5,
      "correlation": 0.589
    }
  ],
  "reward_weights_final": {
    "estimated_weights": [
      0.15147081243967866,
      0.21439883197427104,
      0.14084076189477895,
      0.19929351609235924,
      0.1954669161174529,
      0.09852916138103383
    ],
    "true_weights": [
      0.14999999998500002,
      0.19999999998000006,
      0.14999999998500002,
      0.19999999998000006,
      0.19999999998000006,
      0.09999999999000003
    ],
    "weight_correlation": 0.985,
    "log_likelihood": -76.1,
    "feature_means": [
      0.915,
      0.978,
      0.92,
      0.659,
      0.384,
      0.904
    ]
  }
}