{
  "scheduler": {
    "cpu_utilization_pct": 0.09483666666666667,
    "budget_exhausted_ticks": 0,
    "reflexes": {
      "heading_hold_pid": {
        "priority": 1,
        "frequency_hz": 10.0,
        "period_ms": 100.0,
        "executions": 600,
        "expected_executions": 600,
        "deadline_misses": 0,
        "deadline_miss_rate": 0.0,
        "miss_rate_pct": 0.0,
        "worst_response_us": 51.6150503309732,
        "mean_response_us": 27.035563213350677,
        "p99_response_us": 51.11143477535994,
        "total_cycles": 220390,
        "cycles_per_exec": 367.31666666666666
      },
      "throttle_governor": {
        "priority": 2,
        "frequency_hz": 20.0,
        "period_ms": 50.0,
        "executions": 1200,
        "expected_executions": 1200,
        "deadline_misses": 0,
        "deadline_miss_rate": 0.0,
        "miss_rate_pct": 0.0,
        "worst_response_us": 51.131414870107825,
        "mean_response_us": 26.095028709461314,
        "p99_response_us": 50.69458849202725,
        "total_cycles": 335065,
        "cycles_per_exec": 279.22083333333336
      },
      "anchor_watch": {
        "priority": 3,
        "frequency_hz": 0.1,
        "period_ms": 10000.0,
        "executions": 6,
        "expected_executions": 6,
        "deadline_misses": 0,
        "deadline_miss_rate": 0.0,
        "miss_rate_pct": 0.0,
        "worst_response_us": 41.02444998403848,
        "mean_response_us": 34.72661583500877,
        "p99_response_us": 40.843188440815844,
        "total_cycles": 1100,
        "cycles_per_exec": 183.33333333333334
      },
      "bilge_monitor": {
        "priority": 4,
        "frequency_hz": 1.0,
        "period_ms": 1000.0,
        "executions": 60,
        "expected_executions": 60,
        "deadline_misses": 0,
        "deadline_miss_rate": 0.0,
        "miss_rate_pct": 0.0,
        "worst_response_us": 47.18541754306191,
        "mean_response_us": 23.624428981894344,
        "p99_response_us": 46.00684891258678,
        "total_cycles": 7156,
        "cycles_per_exec": 119.26666666666667
      },
      "led_indicator": {
        "priority": 5,
        "frequency_hz": 1.0,
        "period_ms": 1000.0,
        "executions": 60,
        "expected_executions": 60,
        "deadline_misses": 0,
        "deadline_miss_rate": 0.0,
        "miss_rate_pct": 0.0,
        "worst_response_us": 48.74965240587001,
        "mean_response_us": 25.353245044876534,
        "p99_response_us": 48.54543185175563,
        "total_cycles": 5309,
        "cycles_per_exec": 88.48333333333333
      }
    }
  },
  "overload_sweep": {
    "1.0": {
      "total_misses": 0,
      "max_miss_rate_pct": 0.0,
      "cpu_utilization_pct": 0.094708
    },
    "2.0": {
      "total_misses": 0,
      "max_miss_rate_pct": 0.0,
      "cpu_utilization_pct": 0.189579
    },
    "3.0": {
      "total_misses": 0,
      "max_miss_rate_pct": 0.0,
      "cpu_utilization_pct": 0.284448
    },
    "4.0": {
      "total_misses": 0,
      "max_miss_rate_pct": 0.0,
      "cpu_utilization_pct": 0.379307
    },
    "5.0": {
      "total_misses": 0,
      "max_miss_rate_pct": 0.0,
      "cpu_utilization_pct": 0.47418800000000005
    },
    "6.0": {
      "total_misses": 0,
      "max_miss_rate_pct": 0.0,
      "cpu_utilization_pct": 0.5690500000000001
    },
    "7.0": {
      "total_misses": 0,
      "max_miss_rate_pct": 0.0,
      "cpu_utilization_pct": 0.66391
    },
    "8.0": {
      "total_misses": 0,
      "max_miss_rate_pct": 0.0,
      "cpu_utilization_pct": 0.758787
    },
    "9.0": {
      "total_misses": 0,
      "max_miss_rate_pct": 0.0,
      "cpu_utilization_pct": 0.8536449999999999
    },
    "10.0": {
      "total_misses": 0,
      "max_miss_rate_pct": 0.0,
      "cpu_utilization_pct": 0.948524
    },
    "11.0": {
      "total_misses": 0,
      "max_miss_rate_pct": 0.0,
      "cpu_utilization_pct": 1.043386
    },
    "12.0": {
      "total_misses": 1,
      "max_miss_rate_pct": 9.090909090909092,
      "cpu_utilization_pct": 1.141585
    },
    "13.0": {
      "total_misses": 2,
      "max_miss_rate_pct": 9.090909090909092,
      "cpu_utilization_pct": 1.2352800000000002
    },
    "14.0": {
      "total_misses": 2,
      "max_miss_rate_pct": 9.090909090909092,
      "cpu_utilization_pct": 1.32782
    },
    "15.0": {
      "total_misses": 3,
      "max_miss_rate_pct": 9.090909090909092,
      "cpu_utilization_pct": 1.425351
    },
    "16.0": {
      "total_misses": 1,
      "max_miss_rate_pct": 0.4975124378109453,
      "cpu_utilization_pct": 1.520734
    },
    "17.0": {
      "total_misses": 2,
      "max_miss_rate_pct": 9.090909090909092,
      "cpu_utilization_pct": 1.614372
    },
    "18.0": {
      "total_misses": 2,
      "max_miss_rate_pct": 9.090909090909092,
      "cpu_utilization_pct": 1.705895
    },
    "19.0": {
      "total_misses": 2,
      "max_miss_rate_pct": 9.090909090909092,
      "cpu_utilization_pct": 1.8006729999999997
    },
    "20.0": {
      "total_misses": 4,
      "max_miss_rate_pct": 16.666666666666664,
      "cpu_utilization_pct": 1.89912
    },
    "21.0": {
      "total_misses": 4,
      "max_miss_rate_pct": 16.666666666666664,
      "cpu_utilization_pct": 1.9940719999999998
    },
    "22.0": {
      "total_misses": 4,
      "max_miss_rate_pct": 16.666666666666664,
      "cpu_utilization_pct": 2.089044
    },
    "23.0": {
      "total_misses": 5,
      "max_miss_rate_pct": 50.0,
      "cpu_utilization_pct": 2.188939
    },
    "24.0": {
      "total_misses": 6,
      "max_miss_rate_pct": 50.0,
      "cpu_utilization_pct": 2.280944
    },
    "25.0": {
      "total_misses": 16,
      "max_miss_rate_pct": 50.0,
      "cpu_utilization_pct": 2.372018
    },
    "26.0": {
      "total_misses": 41,
      "max_miss_rate_pct": 50.0,
      "cpu_utilization_pct": 2.443988
    },
    "27.0": {
      "total_misses": 140,
      "max_miss_rate_pct": 56.52173913043478,
      "cpu_utilization_pct": 2.521217
    },
    "28.0": {
      "total_misses": 259,
      "max_miss_rate_pct": 71.63323782234957,
      "cpu_utilization_pct": 2.592143
    },
    "29.0": {
      "total_misses": 642,
      "max_miss_rate_pct": 86.7123287671233,
      "cpu_utilization_pct": 2.642835
    },
    "30.0": {
      "total_misses": 4813,
      "max_miss_rate_pct": 98.44453540728612,
      "cpu_utilization_pct": 2.504373
    },
    "31.0": {
      "total_misses": 19901,
      "max_miss_rate_pct": 100.0,
      "cpu_utilization_pct": 1.80799
    },
    "32.0": {
      "total_misses": 19901,
      "max_miss_rate_pct": 100.0,
      "cpu_utilization_pct": 1.8663129999999999
    },
    "33.0": {
      "total_misses": 19922,
      "max_miss_rate_pct": 100.0,
      "cpu_utilization_pct": 1.9139320000000002
    },
    "34.0": {
      "total_misses": 19977,
      "max_miss_rate_pct": 100.0,
      "cpu_utilization_pct": 1.917841
    }
  },
  "actuator_conflicts": {
    "reflex_a": {
      "writes_attempted": 300,
      "writes_accepted": 300,
      "writes_dropped": 0
    },
    "reflex_b": {
      "writes_attempted": 600,
      "writes_accepted": 0,
      "writes_dropped": 600
    },
    "conflict_count": 0
  },
  "sensor_contention": {
    "stale_rate": 0.0,
    "mean_jitter_ms": 0.0,
    "max_jitter_ms": 0.0
  },
  "resource_contention": {
    "stack": {
      "max_depth": 27,
      "overflow_events": 0
    },
    "variable_collision": {
      "corruption_rate": 0.7333333333333333
    },
    "pid_contention": {
      "corruptions": 0
    }
  },
  "edge_cases": {
    "nan_write_safe": true,
    "infinite_loop_caught": true,
    "stack_overflow_caught": true,
    "div_zero_safe": true,
    "all_halt_safe": true,
    "invalid_bytecode_caught": true,
    "role_reassign_drop_rate_pct": 7.291666666666667
  },
  "schedulability": {
    "utilization_pct": 0.003961666666666667,
    "rm_bound_pct": 74.34917749851755,
    "rm_schedulable": true,
    "headroom_pct": 74.34521583185088
  }
}