{
  "esp32_failure": {
    "scenario": "esp32_failure",
    "num_iterations": 500,
    "availability_mean": 0.9997565519444986,
    "availability_std": 0.00021757845415293765,
    "availability_p5": 0.9992884674720028,
    "availability_p95": 1.0,
    "failures_mean": 2.39,
    "failures_std": 1.5980926130859876,
    "safe_state_mean": 0.0,
    "safe_state_std": 0.0,
    "fault_entries_mean": 0.0,
    "fault_entries_std": 0.0,
    "mttr_mean": 1.827943547068524,
    "mttr_std": 1.459938851155629,
    "mtbf_mean": 5076.522951522951,
    "mtbf_std": 2936.912996593714,
    "data_loss_mean": 486.8961110028433,
    "data_loss_std": 435.15690830586107,
    "data_loss_max": 2113.8763790147095,
    "degraded_duration_mean": 2.037222221769219,
    "degraded_duration_std": 2.046421463810815,
    "degraded_duration_median": 1.3798263963200288,
    "degraded_duration_p95": 6.29842501667217,
    "quorum_loss_mean": 0.0,
    "quorum_loss_std": 0.0,
    "cascading_mean": 0.0,
    "byzantine_detected_mean": 0.0
  },
  "jetson_failure": {
    "scenario": "jetson_failure",
    "num_iterations": 500,
    "availability_mean": 0.9998507234667553,
    "availability_std": 0.0003478279182756847,
    "availability_p5": 0.9991838438840983,
    "availability_p95": 1.0,
    "failures_mean": 0.35,
    "failures_std": 0.5687706040223949,
    "safe_state_mean": 0.0,
    "safe_state_std": 0.0,
    "fault_entries_mean": 0.0,
    "fault_entries_std": 0.0,
    "mttr_mean": 2.5816026202287543,
    "mttr_std": 5.819427473118896,
    "mtbf_mean": 9265.350877192983,
    "mtbf_std": 1790.7081547808525,
    "data_loss_mean": 297.1121443419737,
    "data_loss_std": 694.294854404155,
    "data_loss_max": 4939.596528645416,
    "degraded_duration_mean": 8.530087613983033,
    "degraded_duration_std": 8.034159279611668,
    "degraded_duration_median": 6.480638537759944,
    "degraded_duration_p95": 21.907013554781646,
    "quorum_loss_mean": 0.0,
    "quorum_loss_std": 0.0,
    "cascading_mean": 0.0,
    "byzantine_detected_mean": 0.0
  },
  "cable_cut": {
    "scenario": "cable_cut",
    "num_iterations": 500,
    "availability_mean": 0.9999560154926576,
    "availability_std": 0.0001243188156793853,
    "availability_p5": 0.999683120457644,
    "availability_p95": 1.0,
    "failures_mean": 0.224,
    "failures_std": 0.4667161878486754,
    "safe_state_mean": 0.0,
    "safe_state_std": 0.0,
    "fault_entries_mean": 0.0,
    "fault_entries_std": 0.0,
    "mttr_mean": 0.8071951990551207,
    "mttr_std": 2.317535857458115,
    "mtbf_mean": 9455.445544554455,
    "mtbf_std": 1557.6369032229973,
    "data_loss_mean": 439.8450734234389,
    "data_loss_std": 1243.1881567938226,
    "data_loss_max": 9079.6905514826,
    "degraded_duration_mean": 3.927188155566419,
    "degraded_duration_std": 3.6971729599070717,
    "degraded_duration_median": 2.591317893610949,
    "degraded_duration_p95": 11.56506369583617,
    "quorum_loss_mean": 0.0,
    "quorum_loss_std": 0.0,
    "cascading_mean": 0.0,
    "byzantine_detected_mean": 0.0
  },
  "grpc_loss": {
    "scenario": "grpc_loss",
    "num_iterations": 500,
    "availability_mean": 0.9999633342747549,
    "availability_std": 6.432322698131501e-05,
    "availability_p5": 0.9998370505074362,
    "availability_p95": 1.0,
    "failures_mean": 0.744,
    "failures_std": 0.8570087514138932,
    "safe_state_mean": 0.0,
    "safe_state_std": 0.0,
    "fault_entries_mean": 0.0,
    "fault_entries_std": 0.0,
    "mttr_mean": 0.5027733692067198,
    "mttr_std": 0.8285447495933994,
    "mtbf_mean": 8258.838383838385,
    "mtbf_std": 2565.252331851346,
    "data_loss_mean": 1466.6290098021134,
    "data_loss_std": 2572.929079252733,
    "data_loss_max": 19598.467903471374,
    "degraded_duration_mean": 0.9856377754046461,
    "degraded_duration_std": 1.0283186605129147,
    "degraded_duration_median": 0.6468835208515884,
    "degraded_duration_p95": 3.045027038681647,
    "quorum_loss_mean": 0.0,
    "quorum_loss_std": 0.0,
    "cascading_mean": 0.0,
    "byzantine_detected_mean": 0.0
  },
  "power_failure": {
    "scenario": "power_failure",
    "num_iterations": 500,
    "availability_mean": 0.9999278243646756,
    "availability_std": 0.00010333249110052203,
    "availability_p5": 0.9997189042098702,
    "availability_p95": 1.0,
    "failures_mean": 0.984,
    "failures_std": 1.023593669382534,
    "safe_state_mean": 0.0,
    "safe_state_std": 0.0,
    "fault_entries_mean": 0.0,
    "fault_entries_std": 0.0,
    "mttr_mean": 0.8787919045844249,
    "mttr_std": 1.1741707813024842,
    "mtbf_mean": 7475.717439293599,
    "mtbf_std": 2835.0791499070083,
    "data_loss_mean": 14435.12706487799,
    "data_loss_std": 20666.498220103193,
    "data_loss_max": 118854.22954442447,
    "degraded_duration_mean": 1.4669844578128042,
    "degraded_duration_std": 1.4007100978839062,
    "degraded_duration_median": 1.0843035670794663,
    "degraded_duration_p95": 4.205660041518894,
    "quorum_loss_mean": 0.0,
    "quorum_loss_std": 0.0,
    "cascading_mean": 0.0,
    "byzantine_detected_mean": 0.0
  },
  "cascading": {
    "scenario": "cascading",
    "num_iterations": 500,
    "availability_mean": 0.9999590345574851,
    "availability_std": 0.0002601586072379877,
    "availability_p5": 1.0,
    "availability_p95": 1.0,
    "failures_mean": 0.11,
    "failures_std": 0.5638262143604179,
    "safe_state_mean": 0.0,
    "safe_state_std": 0.0,
    "fault_entries_mean": 0.0,
    "fault_entries_std": 0.0,
    "mttr_mean": 0.4025124778448958,
    "mttr_std": 2.449160374100569,
    "mtbf_mean": 5743.055555555556,
    "mtbf_std": 2901.1408861615155,
    "data_loss_mean": 15076.689663623169,
    "data_loss_std": 99137.07061803456,
    "data_loss_max": 1341593.1164406016,
    "degraded_duration_mean": 13.214658875757305,
    "degraded_duration_std": 14.693266100388016,
    "degraded_duration_median": 7.375834297938127,
    "degraded_duration_p95": 39.26600937179637,
    "quorum_loss_mean": 0.0,
    "quorum_loss_std": 0.0,
    "cascading_mean": 0.058,
    "byzantine_detected_mean": 0.0
  },
  "byzantine": {
    "scenario": "byzantine",
    "num_iterations": 500,
    "availability_mean": 0.9999927673396564,
    "availability_std": 6.374628996524285e-05,
    "availability_p5": 1.0,
    "availability_p95": 1.0,
    "failures_mean": 0.022,
    "failures_std": 0.14668333238647124,
    "safe_state_mean": 0.0,
    "safe_state_std": 0.0,
    "fault_entries_mean": 0.0,
    "fault_entries_std": 0.0,
    "mttr_mean": 0.14465320687396405,
    "mttr_std": 1.2749257993047771,
    "mtbf_mean": 10000.0,
    "mtbf_std": 0.0,
    "data_loss_mean": 144.65320687396616,
    "data_loss_std": 1274.9257993047859,
    "data_loss_max": 17862.12385125782,
    "degraded_duration_mean": 6.575145766998461,
    "degraded_duration_std": 5.621567328891624,
    "degraded_duration_median": 3.9157188792983106,
    "degraded_duration_p95": 17.24928003140576,
    "quorum_loss_mean": 0.0,
    "quorum_loss_std": 0.0,
    "cascading_mean": 0.0,
    "byzantine_detected_mean": 0.022
  },
  "cloud_loss": {
    "scenario": "cloud_loss",
    "num_iterations": 500,
    "availability_mean": 0.999996551627404,
    "availability_std": 2.216565278274196e-05,
    "availability_p5": 0.999997185968462,
    "availability_p95": 1.0,
    "failures_mean": 0.056,
    "failures_std": 0.2384617369726221,
    "safe_state_mean": 0.0,
    "safe_state_std": 0.0,
    "fault_entries_mean": 0.0,
    "fault_entries_std": 0.0,
    "mttr_mean": 0.06855436941151889,
    "mttr_std": 0.44308838557950303,
    "mtbf_mean": 9814.814814814816,
    "mtbf_std": 944.2628728875526,
    "data_loss_mean": 3.448372595972296,
    "data_loss_std": 22.165652782747504,
    "data_loss_max": 257.00580135035125,
    "degraded_duration_mean": 1.2315616414186772,
    "degraded_duration_std": 1.440392199052317,
    "degraded_duration_median": 0.6656438554642818,
    "degraded_duration_p95": 4.503303336950557,
    "quorum_loss_mean": 0.0,
    "quorum_loss_std": 0.0,